{
    "name": "81b40951-d796-4b59-993a-0fe051864a7d",
    "id": "/providers/Microsoft.Flow/flows/81b40951-d796-4b59-993a-0fe051864a7d",
    "type": "Microsoft.Flow/flows",
    "properties": {
        "apiId": "/providers/Microsoft.PowerApps/apis/shared_logicflows",
        "displayName": "Visitor Management Confirmation",
        "definition": {
            "metadata": {
                "workflowEntityId": null,
                "creator": {
                    "id": "e5d51810-90a7-4d30-bc9e-cdd66bced4f1",
                    "type": "User",
                    "tenantId": "efb8be03-af30-4722-8b7b-e9edaa03cf98"
                },
                "provisioningMethod": "FromDefinition",
                "failureAlertSubscription": true,
                "clientLastModifiedTime": "2020-06-12T06:05:01.8661956Z"
            },
            "$schema": "https://schema.management.azure.com/providers/Microsoft.Logic/schemas/2016-06-01/workflowdefinition.json#",
            "contentVersion": "1.0.0.0",
            "parameters": {
                "$connections": {
                    "defaultValue": {},
                    "type": "Object"
                },
                "$authentication": {
                    "defaultValue": {},
                    "type": "SecureObject"
                }
            },
            "triggers": {
                "When_an_item_is_created": {
                    "recurrence": {
                        "frequency": "Minute",
                        "interval": 5
                    },
                    "splitOn": "@triggerBody()?['value']",
                    "metadata": {
                        "flowSystemMetadata": {
                            "swaggerOperationId": "GetOnNewItems"
                        }
                    },
                    "type": "ApiConnection",
                    "inputs": {
                        "host": {
                            "connection": {
                                "name": "@parameters('$connections')['shared_sharepointonline']['connectionId']"
                            },
                            "api": {
                                "runtimeUrl": "https://unitedstates-002.azure-apim.net/apim/sharepointonline"
                            }
                        },
                        "method": "get",
                        "path": "/datasets/@{encodeURIComponent(encodeURIComponent('https://m365x699623.sharepoint.com/sites/ConotsoVisitormanagement'))}/tables/@{encodeURIComponent(encodeURIComponent('ae87b84b-9ef9-43a0-aba6-f79b51178a26'))}/onnewitems",
                        "authentication": "@parameters('$authentication')"
                    }
                }
            },
            "actions": {
                "Initialize_TeamID": {
                    "runAfter": {
                        "Initialize_site_address": [
                            "Succeeded"
                        ]
                    },
                    "type": "InitializeVariable",
                    "inputs": {
                        "variables": [
                            {
                                "name": "TeamID",
                                "type": "string",
                                "value": "159d3df8-fa9f-426c-9364-2109645eec7e"
                            }
                        ]
                    }
                },
                "Initialize_ChannelID": {
                    "runAfter": {
                        "Initialize_TeamID": [
                            "Succeeded"
                        ]
                    },
                    "type": "InitializeVariable",
                    "inputs": {
                        "variables": [
                            {
                                "name": "ChannelId",
                                "type": "string",
                                "value": "19:e8d3a4f154484b02a266fa3ffbac4290@thread.tacv2"
                            }
                        ]
                    }
                },
                "Post_an_Adaptive_Card_to_a_Teams_channel_and_wait_for_a_response": {
                    "runAfter": {
                        "Condition_4": [
                            "Succeeded"
                        ]
                    },
                    "metadata": {
                        "flowSystemMetadata": {
                            "swaggerOperationId": "SubscribeChannelFlowContinuation"
                        }
                    },
                    "type": "ApiConnectionWebhook",
                    "inputs": {
                        "host": {
                            "connection": {
                                "name": "@parameters('$connections')['shared_teams_2']['connectionId']"
                            },
                            "api": {
                                "runtimeUrl": "https://unitedstates-002.azure-apim.net/apim/teams"
                            }
                        },
                        "body": {
                            "notificationUrl": "@{listCallbackUrl()}",
                            "body": {
                                "recipient": {
                                    "channelId": "@variables('ChannelId')"
                                },
                                "messageBody": "{\n    \"$schema\": \"http://adaptivecards.io/schemas/adaptive-card.json\",\n    \"type\": \"AdaptiveCard\",\n    \"version\": \"1.0\",\n    \"body\": [\n        {\n            \"type\": \"TextBlock\",\n            \"text\": \"New request!\",\n            \"weight\": \"Bolder\",\n            \"size\": \"Large\"\n        },\n        {\n            \"type\": \"FactSet\",\n            \"facts\": [\n                {\n                    \"title\": \"Host name:\",\n                    \"value\": \"@{triggerBody()?['HostName']}\"\n                },\n                {\n                    \"title\": \"Visitor name:\",\n                    \"value\": \"@{triggerBody()?['VisitorName']}\"\n                },\n                {\n                    \"title\": \"Organization:\",\n                    \"value\": \"@{triggerBody()?['OrganizationDetails']}\"\n                },\n                {\n                    \"title\": \"Arrival time:\",\n                    \"value\": \"@{body('Convert_time_zone')}\"\n                },\n                {\n                    \"title\": \"Purpose:\",\n                    \"value\": \"@{triggerBody()?['PurposeOfVisit']}\"\n                }\n            ]\n        }\n    ],\n    \"actions\": [\n        {\n            \"type\": \"Action.Submit\",\n            \"title\": \"Confirm\",\n            \"id\": \"Confirmed\"\n        }\n    ]\n}",
                                "shouldUpdateCard": true
                            }
                        },
                        "path": "/flowbot/actions/flowcontinuation/recipienttypes/channel/$subscriptions",
                        "queries": {
                            "groupId": "@variables('TeamID')"
                        },
                        "authentication": "@parameters('$authentication')"
                    }
                },
                "Get_item": {
                    "runAfter": {
                        "Post_an_Adaptive_Card_to_a_Teams_channel_and_wait_for_a_response": [
                            "Succeeded"
                        ]
                    },
                    "metadata": {
                        "flowSystemMetadata": {
                            "swaggerOperationId": "GetItem"
                        }
                    },
                    "type": "ApiConnection",
                    "inputs": {
                        "host": {
                            "connection": {
                                "name": "@parameters('$connections')['shared_sharepointonline']['connectionId']"
                            },
                            "api": {
                                "runtimeUrl": "https://unitedstates-002.azure-apim.net/apim/sharepointonline"
                            }
                        },
                        "method": "get",
                        "path": "/datasets/@{encodeURIComponent(encodeURIComponent(variables('SharePoint site address')))}/tables/@{encodeURIComponent(encodeURIComponent('Visitor List'))}/items/@{encodeURIComponent(triggerBody()?['ID'])}",
                        "authentication": "@parameters('$authentication')"
                    }
                },
                "Condition": {
                    "actions": {
                        "Update_item_2": {
                            "runAfter": {},
                            "metadata": {
                                "flowSystemMetadata": {
                                    "swaggerOperationId": "PatchItem"
                                }
                            },
                            "type": "ApiConnection",
                            "inputs": {
                                "host": {
                                    "connection": {
                                        "name": "@parameters('$connections')['shared_sharepointonline']['connectionId']"
                                    },
                                    "api": {
                                        "runtimeUrl": "https://unitedstates-002.azure-apim.net/apim/sharepointonline"
                                    }
                                },
                                "method": "patch",
                                "body": {
                                    "Title": "@triggerBody()?['Title']",
                                    "VisitorRequestStatus": {
                                        "Value": "Confirmed"
                                    },
                                    "RequestStatusInternal": {
                                        "Value": "SecurityConfirmed"
                                    }
                                },
                                "path": "/datasets/@{encodeURIComponent(encodeURIComponent(variables('SharePoint site address')))}/tables/@{encodeURIComponent(encodeURIComponent('Visitor List'))}/items/@{encodeURIComponent(triggerBody()?['ID'])}",
                                "authentication": "@parameters('$authentication')"
                            }
                        }
                    },
                    "runAfter": {
                        "Get_item": [
                            "Succeeded"
                        ]
                    },
                    "else": {
                        "actions": {
                            "Condition_2": {
                                "actions": {
                                    "Post_your_own_adaptive_card_as_the_Flow_bot_to_a_channel_2": {
                                        "runAfter": {},
                                        "metadata": {
                                            "flowSystemMetadata": {
                                                "swaggerOperationId": "PostChannelAdaptiveCard"
                                            }
                                        },
                                        "type": "ApiConnection",
                                        "inputs": {
                                            "host": {
                                                "connection": {
                                                    "name": "@parameters('$connections')['shared_teams_2']['connectionId']"
                                                },
                                                "api": {
                                                    "runtimeUrl": "https://unitedstates-002.azure-apim.net/apim/teams"
                                                }
                                            },
                                            "method": "post",
                                            "body": {
                                                "recipient": {
                                                    "channelId": "@variables('ChannelId')"
                                                },
                                                "messageBody": "{\n    \"$schema\": \"http://adaptivecards.io/schemas/adaptive-card.json\",\n    \"type\": \"AdaptiveCard\",\n    \"version\": \"1.0\",\n    \"body\": [\n        {\n            \"type\": \"TextBlock\",\n            \"text\": \"The visit with these details is no longer happening. No action needed.\",\n            \"weight\": \"Bolder\",\n            \"size\": \"Medium\",\n          \"wrap\":\"true\"\n        },\n        {\n            \"type\": \"FactSet\",\n            \"facts\": [\n                {\n                    \"title\": \"Host name:\",\n                    \"value\": \"@{triggerBody()?['HostName']}\"\n                },\n                {\n                    \"title\": \"Visitor name:\",\n                    \"value\": \"@{triggerBody()?['VisitorName']}\"\n                },\n                {\n                    \"title\": \"Organization:\",\n                    \"value\": \"@{triggerBody()?['OrganizationDetails']}\"\n                },\n                {\n                    \"title\": \"Arrival time:\",\n                    \"value\": \"@{body('Convert_time_zone')}\"\n                },\n                {\n                    \"title\": \"Purpose:\",\n                    \"value\": \"@{triggerBody()?['PurposeOfVisit']}\"\n                }\n            ]\n        }\n    ]\n}"
                                            },
                                            "path": "/flowbot/actions/adaptivecard/recipienttypes/channel",
                                            "queries": {
                                                "groupId": "@variables('TeamID')"
                                            },
                                            "authentication": "@parameters('$authentication')"
                                        }
                                    }
                                },
                                "runAfter": {},
                                "else": {
                                    "actions": {
                                        "Post_your_own_adaptive_card_as_the_Flow_bot_to_a_channel_3": {
                                            "runAfter": {},
                                            "metadata": {
                                                "flowSystemMetadata": {
                                                    "swaggerOperationId": "PostChannelAdaptiveCard"
                                                }
                                            },
                                            "type": "ApiConnection",
                                            "inputs": {
                                                "host": {
                                                    "connection": {
                                                        "name": "@parameters('$connections')['shared_teams_2']['connectionId']"
                                                    },
                                                    "api": {
                                                        "runtimeUrl": "https://unitedstates-002.azure-apim.net/apim/teams"
                                                    }
                                                },
                                                "method": "post",
                                                "body": {
                                                    "recipient": {
                                                        "channelId": "@variables('ChannelId')"
                                                    },
                                                    "messageBody": "{\n    \"$schema\": \"http://adaptivecards.io/schemas/adaptive-card.json\",\n    \"type\": \"AdaptiveCard\",\n    \"version\": \"1.0\",\n    \"body\": [\n        {\n            \"type\": \"TextBlock\",\n            \"text\": \"This visit has already been confirmed by someone on the reception team.\",\n            \"weight\": \"Bolder\",\n            \"size\": \"Medium\",\n            \"wrap\":\"true\"\n        },\n        {\n            \"type\": \"FactSet\",\n            \"facts\": [\n                {\n                    \"title\": \"Host name:\",\n                    \"value\": \"@{triggerBody()?['HostName']}\"\n                },\n                {\n                    \"title\": \"Visitor name:\",\n                    \"value\": \"@{triggerBody()?['VisitorName']}\"\n                },\n                {\n                    \"title\": \"Organization:\",\n                    \"value\": \"@{triggerBody()?['OrganizationDetails']}\"\n                },\n                {\n                    \"title\": \"Arrival time:\",\n                    \"value\": \"@{body('Convert_time_zone')}\"\n                },\n                {\n                    \"title\": \"Purpose:\",\n                    \"value\": \"@{triggerBody()?['PurposeOfVisit']}\"\n                }\n            ]\n        }\n    ]\n}"
                                                },
                                                "path": "/flowbot/actions/adaptivecard/recipienttypes/channel",
                                                "queries": {
                                                    "groupId": "@variables('TeamID')"
                                                },
                                                "authentication": "@parameters('$authentication')"
                                            }
                                        }
                                    }
                                },
                                "expression": {
                                    "equals": [
                                        "@body('Get_item')?['VisitorRequestStatus']?['Value']",
                                        "Deleted"
                                    ]
                                },
                                "type": "If"
                            }
                        }
                    },
                    "expression": {
                        "equals": [
                            "@body('Get_item')?['VisitorRequestStatus']?['Value']",
                            "Pending"
                        ]
                    },
                    "type": "If"
                },
                "Initialize_site_address": {
                    "runAfter": {},
                    "type": "InitializeVariable",
                    "inputs": {
                        "variables": [
                            {
                                "name": "SharePoint site address",
                                "type": "string",
                                "value": "https://m365x699623.sharepoint.com/sites/ConotsoVisitormanagement"
                            }
                        ]
                    }
                },
                "Convert_time_zone": {
                    "runAfter": {
                        "Initialize_ChannelID": [
                            "Succeeded"
                        ]
                    },
                    "type": "Expression",
                    "kind": "ConvertTimeZone",
                    "inputs": {
                        "baseTime": "@triggerBody()?['ArrivalDateAndTime']",
                        "formatString": "dd MMM yyy HH:mm",
                        "sourceTimeZone": "UTC",
                        "destinationTimeZone": "UTC"
                    }
                },
                "Condition_4": {
                    "actions": {},
                    "runAfter": {
                        "Convert_time_zone": [
                            "Succeeded"
                        ]
                    },
                    "else": {
                        "actions": {
                            "Terminate": {
                                "runAfter": {},
                                "type": "Terminate",
                                "inputs": {
                                    "runStatus": "Succeeded"
                                }
                            }
                        }
                    },
                    "expression": {
                        "equals": [
                            "@triggerBody()?['VisitorRequestStatus']?['Value']",
                            "Pending"
                        ]
                    },
                    "type": "If"
                }
            }
        },
        "connectionReferences": {
            "shared_teams_2": {
                "connectionName": "shared-teams-b92c3d48-e650-4e37-a76e-eec4c142ef97",
                "source": "Embedded",
                "id": "/providers/Microsoft.PowerApps/apis/shared_teams",
                "tier": "NotSpecified"
            },
            "shared_sharepointonline": {
                "connectionName": "3650f1090dc94f108d90d07e1491bb58",
                "source": "Embedded",
                "id": "/providers/Microsoft.PowerApps/apis/shared_sharepointonline",
                "tier": "NotSpecified"
            }
        },
        "flowFailureAlertSubscribed": false
    }
}